D,i,c,l,i,p,t,e,r,a, ,c,i,l,i,a,r,i,s
D,y,s,c,h,o,r,i,s,t,e, ,m,a,r,a,n,h,o,n,i,s
H,y,g,r,o,p,h,i,l,a, ,c,o,s,t,a,t,a
H,y,g,r,o,p,h,i,l,a, ,g,u,i,a,n,e,n,s,i,s
H,y,g,r,o,p,h,i,l,a, ,h,e,l,o,d,e,s
J,u,s,t,i,c,i,a, ,c,o,m,a,t,a
J,u,s,t,i,c,i,a, ,a,e,q,u,i,l,a,b,r,i,s
J,u,s,t,i,c,i,a, ,l,a,e,v,i,l,i,n,g,u,i,s
J,u,s,t,i,a, ,p,e,c,t,o,r,a,l,i,s
N,e,l,s,o,n,i,a, ,b,r,u,n,e,l,l,o,i,d,e,s
R,u,e,l,l,i,a, ,b,a,h,i,e,n,s,i,s
R,u,e,l,l,i,a, ,p,a,n,i,c,u,l,a,t,a
S,e,s,u,v,i,u,m, ,p,o,r,t,u,l,a,c,a,s,t,r,u,m
E,c,h,i,n,o,d,o,r,u,s, ,a,n,d,r,i,e,u,x,i,i
E,c,h,i,n,o,d,o,r,u,s, ,a,r,g,e,n,t,i,n,e,n,s,i,s
E,c,h,i,n,o,d,o,r,u,s, ,a,s,c,h,e,r,s,o,n,i,a,n,u,s
E,c,h,i,n,o,d,o,r,u,s, ,b,o,l,i,v,i,a,n,u,s
E,c,h,i,n,o,d,o,r,u,s, ,c,o,r,d,i,f,o,l,i,u,s
E,c,h,i,n,o,d,o,r,u,s, ,f,l,o,r,i,b,u,n,d,u,s
E,c,h,i,n,o,d,o,r,u,s, ,g,l,a,n,d,u,l,o,s,u,s
E,c,h,i,n,o,d,o,r,u,s, ,g,r,a,n,d,i,f,l,o,r,u,s
E,c,h,i,n,o,d,o,r,u,s, ,g,r,i,s,e,b,a,c,h,i,i
E,c,h,i,n,o,d,o,r,u,s, ,l,a,n,c,e,o,l,a,t,u,s
E,c,h,i,n,o,d,o,r,u,s, ,l,o,n,g,i,p,e,t,a,l,u,s
E,c,h,i,n,o,d,o,r,u,s, ,l,o,n,g,i,s,c,a,p,u,s
E,c,h,i,n,o,d,o,r,u,s, ,m,a,c,r,o,p,h,y,l,l,u,s
E,c,h,i,n,o,d,o,r,u,s, ,p,a,l,a,e,f,o,l,i,u,s
E,c,h,i,n,o,d,o,r,u,s, ,p,a,n,i,c,u,l,a,t,u,s
E,c,h,i,n,o,d,o,r,u,s, ,p,u,b,e,s,c,e,n,s
E,c,h,i,n,o,d,o,r,u,s, ,r,a,n,u,n,c,u,l,o,i,d,e,s
E,c,h,i,n,o,d,o,r,u,s, ,r,e,t,i,c,u,l,a,t,u,s
E,c,h,i,n,o,d,o,r,u,s, ,s,c,a,b,e,r
E,c,h,i,n,o,d,o,r,u,s, ,s,u,b,a,l,a,t,u,s
E,c,h,i,n,o,d,o,r,u,s, ,t,e,n,e,l,l,u,s
E,c,h,i,n,o,d,o,r,u,s, ,t,e,r,e,t,o,s,c,a,p,u,s
H,e,l,a,n,t,h,i,u,m, ,t,e,n,e,l,l,u,m
H,y,d,r,o,c,l,e,y,s, ,m,a,r,t,i,i
H,y,d,r,o,c,l,e,y,s, ,n,y,m,p,h,o,i,d,e,s
H,y,d,r,o,c,l,e,y,s, ,p,a,r,v,i,f,l,o,r,a
L,i,m,n,o,c,h,a,r,i,s, ,f,l,a,v,a
L,i,m,n,o,c,h,a,r,i,s, ,l,a,f,o,r,e,s,t,i,i
S,a,g,i,t,t,a,r,i,a, ,g,u,a,y,a,n,e,n,s,i,s
S,a,g,i,t,t,a,r,i,a, ,l,a,n,c,i,f,o,l,i,a
S,a,g,i,t,t,a,r,i,a, ,m,o,n,t,e,v,i,d,e,n,s,i,s
S,a,g,i,t,t,a,r,i,a, ,p,l,a,n,i,t,i,a,n,a
S,a,g,i,t,t,a,r,i,a, ,r,h,o,m,b,i,f,o,l,i,a
S,a,g,i,t,t,a,r,i,a, ,s,p,r,u,c,e,i
A,l,s,t,r,o,e,m,e,r,i,a, ,i,s,a,b,e,l,l,a,n,a
A,l,t,e,r,n,a,n,t,h,e,r,a, ,a,q,u,a,t,i,c,a
A,l,t,e,r,n,a,n,t,h,e,r,a, ,b,r,a,s,i,l,i,a,n,a
A,l,t,e,r,n,a,n,t,h,e,r,a, ,p,a,r,o,n,y,c,h,i,o,i,d,e,s
A,l,t,e,r,n,a,n,t,h,e,r,a, ,p,h,i,l,o,x,e,r,o,i,d,e,s
A,l,t,e,r,n,a,n,t,h,e,r,a, ,p,i,l,o,s,a
A,l,t,e,r,n,a,n,t,h,e,r,a, ,t,e,n,e,l,l,a
A,m,a,r,a,n,t,h,u,s, ,s,p,i,n,o,s,u,s
A,m,a,r,a,n,t,h,u,s, ,v,i,r,i,d,i,s
A,t,r,i,p,l,e,x, ,m,o,n,t,e,v,i,d,e,n,s,i,s
A,t,r,i,p,l,e,x, ,u,n,d,u,l,a,t,a
B,l,u,t,a,p,a,r,o,n, ,p,o,r,t,u,l,a,c,o,i,d,e,s
C,h,a,m,i,s,s,o,a, ,a,l,t,i,s,s,i,m,a
C,h,e,n,o,p,o,d,i,u,m, ,a,m,b,r,o,s,i,o,i,d,e,s
G,o,m,p,h,r,e,n,a, ,d,e,m,i,s,s,a
G,o,m,p,h,r,e,n,a, ,e,l,e,g,a,n,s
H,e,b,a,n,t,h,e, ,p,a,n,i,c,u,l,a,t,a
P,f,a,f,f,i,a, ,g,l,o,m,e,r,a,t,a
P,f,a,f,f,i,a, ,p,u,l,v,e,r,u,l,e,n,t,a
P,f,a,f,f,i,a, ,i,r,e,s,i,n,o,i,d,e,s
S,a,l,i,c,o,r,n,i,a, ,a,m,b,i,g,u,a
S,a,l,i,c,o,r,n,i,a, ,g,a,u,d,i,c,h,a,u,d,i,a,n,a
C,r,i,n,u,m, ,a,m,e,r,i,c,a,n,u,m
H,y,p,p,e,a,s,t,r,u,m, ,a,n,g,u,s,t,i,f,o,l,i,u,m
S,c,h,i,n,u,s, ,t,e,r,e,n,b,i,n,t,h,i,f,o,l,i,u,s
C,e,n,t,e,l,l,a, ,a,s,i,a,t,i,c,a
E,r,y,n,g,i,u,m, ,e,b,r,a,c,t,e,a,t,u,m
E,r,y,n,g,i,u,m, ,e,b,u,r,n,e,u,m
E,r,y,n,g,i,u,m, ,e,k,m,a,n,i,i
E,r,y,n,g,i,u,m, ,p,a,n,d,a,n,i,f,o,l,i,u,m
H,y,d,r,o,c,o,t,y,l,e, ,r,a,n,u,n,c,u,l,o,i,d,e,s
H,y,d,r,o,c,o,t,y,l,e, ,v,e,r,t,i,c,i,l,l,a,t,a
L,i,l,a,e,o,p,s,i,s, ,a,t,t,e,n,u,a,t,a
L,i,l,a,e,o,p,s,i,s, ,b,r,a,s,i,l,i,e,n,s,i,s
L,i,l,a,e,o,p,s,i,s, ,c,a,r,o,l,i,n,e,n,s,i,s
L,i,l,a,e,o,p,s,i,s, ,t,e,n,u,i,s
A,l,l,a,m,a,n,d,a, ,c,a,t,h,a,r,t,i,c,a
A,l,l,a,m,a,n,d,a, ,n,o,b,i,l,i,s
D,i,t,a,s,s,a, ,h,a,s,t,a,t,a
M,a,n,d,e,v,i,l,l,a, ,c,l,a,n,d,e,s,t,i,n,a
M,a,n,d,e,v,i,l,l,a, ,h,i,r,s,u,t,a
M,a,n,d,e,v,i,l,l,a, ,t,e,n,u,i,f,o,l,i,a
O,d,o,n,t,a,d,e,n,i,a, ,n,i,t,i,d,a
O,x,y,p,e,t,a,l,u,m, ,p,a,c,h,y,g,l,o,s,s,u,m
O,x,y,p,e,t,a,l,u,m, ,t,u,b,a,t,u,m
R,h,a,b,d,a,d,e,n,i,a, ,b,i,f,l,o,r,a
R,h,a,b,d,a,d,e,n,i,a, ,m,a,d,i,d,a
R,h,a,b,d,a,n,e,n,i,a, ,p,o,h,l,i,i
A,l,o,c,a,s,i,a, ,m,a,c,r,o,r,r,h,i,z,a
C,o,l,o,c,a,s,i,a, ,e,s,c,u,l,e,n,t,a
D,r,a,c,o,n,t,i,u,m, ,l,o,n,g,i,p,e,s
L,a,n,d,o,l,t,i,a, ,p,u,n,c,t,a,t,a
L,e,m,n,a, ,a,e,q,u,i,n,o,c,t,i,a,l,i,s
L,e,m,n,a, ,g,i,b,b,a
L,e,m,n,a, ,m,i,n,u,t,a
L,e,m,n,a, ,v,a,l,d,i,v,i,a,n,a
M,o,n,t,r,i,c,h,a,r,d,i,a, ,a,r,b,o,r,e,s,c,e,n,s
M,o,n,t,r,i,c,h,i,a,r,d,i,a, ,l,i,n,i,f,e,r,a
P,h,i,l,o,d,e,n,d,r,o,n, ,b,r,a,s,i,l,i,e,n,s,e
P,h,i,l,o,d,e,n,d,r,o,n, ,r,u,d,g,e,a,n,u,m
P,i,s,t,i,a, ,s,t,r,a,t,i,o,i,d,e,s
S,p,i,r,o,d,e,l,a, ,i,n,t,e,r,m,e,d,i,a
U,r,o,s,p,a,t,h,a, ,s,a,g,i,t,t,i,f,o,l,i,a
W,o,l,f,f,i,a, ,a,r,r,h,i,z,a
W,o,l,f,f,i,a, ,b,r,a,s,i,l,i,e,n,s,i,s
W,o,l,f,f,i,a, ,c,o,l,u,m,b,i,a,n,a
W,o,l,f,f,i,e,l,l,a, ,l,i,n,g,u,l,a,t,a
W,o,l,l,f,f,i,e,l,l,a, ,o,b,l,o,n,g,a
W,o,l,f,f,i,e,l,l,a, ,w,e,l,w,i,t,s,c,h,i,i
X,a,n,t,h,o,s,o,m,a, ,a,r,i,s,t,i,g,u,i,e,t,a,e
Z,a,n,t,e,d,e,s,c,h,i,a, ,a,e,t,h,i,o,p,i,c,a
H,y,d,r,o,c,o,t,y,l,e, ,b,o,n,a,r,i,e,n,s,i,s
H,y,d,r,o,c,o,t,y,l,e, ,l,e,u,c,o,c,e,p,h,a,l,a
H,y,d,r,o,l,o,t,y,l,e, ,p,u,s,s,i,l,l,a
H,y,d,r,o,c,o,t,y,l,e, ,r,a,n,u,n,c,u,l,o,i,d,e,s
H,y,d,r,o,c,o,t,y,l,e, ,v,e,r,t,i,c,i,l,l,a,t,a
B,a,c,t,r,i,s, ,m,a,r,a,j,a
M,a,u,r,i,t,i,a, ,c,a,r,a,n,a
M,a,u,r,i,t,i,e,l,l,a, ,a,r,m,a,t,a
A,r,i,s,t,o,l,o,c,h,i,a, ,m,a,c,r,o,u,r,a
R,o,u,l,l,i,n,i,a, ,m,o,n,t,e,v,i,d,e,n,s,i,s
A,c,a,n,t,h,o,s,p,e,r,m,u,m, ,a,u,s,t,r,a,l,e
A,c,a,n,t,h,o,s,p,e,r,m,u,m, ,h,i,s,p,i,d,u,m
A,c,h,y,r,o,c,l,i,n,e, ,a,l,a,t,a
A,c,i,l,e,p,d,o,p,s,i,s, ,e,c,h,i,t,i,f,o,l,i,a
A,c,m,e,l,l,a, ,u,l,i,g,i,n,o,s,a
A,d,e,n,o,s,t,e,m,m,a, ,b,r,a,s,i,l,i,a,n,u,m
A,g,e,r,a,t,u,m, ,c,o,n,y,z,o,i,d,e,s
A,m,b,r,o,s,i,a, ,a,r,t,e,m,i,s,i,a,e,f,o,l,i,a
A,s,t,e,r, ,s,q,u,a,m,a,t,u,s
B,a,c,c,h,a,r,i,s, ,m,i,c,r,o,c,e,p,h,a,l,a
B,a,c,c,h,a,r,i,s, ,p,e,n,n,i,n,g,t,o,n,i,i
B,a,c,c,h,a,r,i,s, ,s,p,i,c,a,t,a
B,a,c,c,h,a,r,i,s, ,u,s,t,e,r,i
B,a,c,c,h,a,r,i,d,a,s,t,r,u,m, ,t,r,i,p,l,i,n,e,r,v,e
B,a,r,r,o,s,o,a, ,b,e,t,o,n,i,c,a,e,f,o,r,m,i,s
B,i,d,e,n,s, ,l,a,e,v,i,s
B,l,a,i,n,v,i,l,l,e,a, ,d,i,c,h,o,t,o,m,a
C,e,n,t,r,a,t,h,e,r,u,m, ,p,u,n,c,t,a,t,u,m
C,a,l,e,a, ,m,a,r,g,i,n,a,t,a
C,a,m,p,u,l,o,c,l,i,n,i,u,m, ,p,u,r,p,u,r,a,s,c,e,n,s
C,h,a,p,t,a,l,i,a, ,g,r,a,m,i,n,i,f,o,l,i,a
C,h,r,y,s,o,l,a,e,n,a, ,p,l,a,t,e,n,s,i,s
C,l,i,b,a,d,i,u,m, ,a,m,a,n,i,i
C,o,n,y,z,a, ,b,o,n,a,r,i,e,n,s,i,s
C,o,n,y,z,a, ,s,u,m,a,t,r,e,n,s,i,s
C,o,t,u,l,a, ,c,o,r,o,n,o,p,i,f,o,l,i,a
D,e,l,i,l,i,a, ,b,i,f,l,o,r,a
E,c,l,i,p,t,a, ,m,e,g,a,p,o,t,a,m,i,c,a
E,c,l,i,p,t,a, ,p,r,o,s,t,r,a,t,a
E,g,l,e,t,e,s, ,v,i,s,c,o,s,a
E,l,e,p,h,a,n,t,o,p,u,s, ,m,o,l,l,i,s
E,m,i,l,i,a, ,c,o,c,c,i,n,e,a
E,m,i,l,i,a, ,s,o,n,c,h,i,f,o,l,i,a
E,n,y,d,r,a, ,a,n,a,g,a,l,l,i,s
E,n,y,d,r,a, ,r,a,d,i,c,a,n,s
E,n,y,d,r,a, ,s,e,s,s,i,l,i,s
E,n,y,d,r,a, ,v,i,r,u,l,a,r,i,s
E,r,e,c,h,t,i,t,e,s, ,h,i,e,r,a,c,i,f,o,l,i,a
E,r,e,c,h,t,i,t,e,s, ,h,i,e,r,a,c,i,f,o,l,i,u,s
E,r,e,c,h,t,i,t,e,s, ,v,a,l,e,r,i,a,n,i,f,o,l,i,u,s
E,r,i,g,e,r,o,n, ,m,a,x,i,m,u,s
E,u,p,a,t,o,r,i,u,m, ,b,u,p,l,e,u,r,i,f,o,l,i,u,m
E,u,p,a,t,o,r,i,u,m, ,c,a,n,d,o,l,l,e,a,n,u,m
E,u,p,a,t,o,r,i,u,m, ,s,u,b,h,a,s,t,a,t,u,m
E,u,p,a,t,o,r,i,u,m, ,t,r,e,m,u,l,u,m
E,u,p,a,t,o,r,i,u,m, ,t,w,e,e,d,i,a,n,u,m
G,a,m,o,c,h,a,e,t,a, ,a,m,e,r,i,c,a,n,a
G,n,a,p,h,a,l,i,u,m, ,s,p,i,c,a,t,u,m
G,r,a,z,i,e,l,i,a, ,i,n,t,e,r,m,e,d,i,a
G,y,m,n,o,c,o,r,o,n,i,s, ,s,p,i,l,a,n,t,h,o,i,d,e,s
J,a,e,g,e,r,i,a, ,h,i,r,t,a
J,u,n,g,i,a, ,f,l,o,r,i,b,u,n,d,a
L,e,p,i,d,a,p,l,o,a, ,c,h,a,l,y,b,a,e,a
L,e,s,s,i,n,g,i,a,n,t,h,u,s, ,g,l,a,b,r,a,t,u,s
M,i,k,a,n,i,a, ,c,o,n,g,e,s,t,a
M,i,k,a,n,i,a, ,c,o,r,d,i,f,o,l,i,a
M,i,k,a,n,i,a, ,m,i,c,r,a,n,t,h,a
M,i,k,a,n,i,a, ,p,e,r,i,p,l,o,c,i,f,o,l,i,a
P,a,c,o,u,r,i,n,a, ,e,d,u,l,i,s
P,i,c,r,o,s,i,a, ,l,o,n,g,i,f,o,l,i,a
P,l,u,c,h,e,a, ,s,a,g,i,t,t,a,l,i,s
P,r,a,x,e,l,i,s, ,s,a,n,c,t,o,p,a,u,l,e,n,s,i,s
P,t,e,r,o,c,a,u,l,o,n, ,b,a,l,a,n,s,a,e
R,i,c,h,t,e,r,a,g,o, ,r,a,d,i,a,t,a
R,o,l,a,n,d,r,a, ,f,r,u,t,i,c,o,s,a
S,e,n,e,c,i,o, ,b,o,n,a,r,i,e,n,s,i,s
S,e,n,e,c,i,o, ,e,r,i,s,i,t,h,a,l,i,f,o,l,i,u,s
S,e,n,e,c,i,o, ,i,c,o,g,l,o,s,s,u,s
S,e,n,e,c,i,o, ,m,a,t,t,f,e,l,d,i,a,n,u,s
S,e,n,e,c,i,o, ,t,w,e,e,d,i,e,i
S,o,n,c,h,u,s, ,o,l,e,r,a,c,e,u,s
S,p,h,a,g,n,e,t,i,c,o,l,a, ,t,r,i,l,o,b,a,t,a
S,y,n,e,d,r,e,l,l,a, ,n,o,d,i,f,l,o,r,a
T,i,l,e,s,i,a, ,b,a,c,c,a,t,a
T,r,i,c,h,o,s,p,i,r,a, ,v,e,r,t,i,c,i,l,l,a,t,a
V,e,r,n,o,n,a,n,t,h,u,r,a, ,b,e,y,r,i,c,h,i,i
V,e,r,n,o,n,a,n,t,h,u,r,a, ,b,r,a,s,i,l,i,a,n,a
V,e,r,n,o,n,i,a, ,s,c,o,r,p,i,o,i,d,e,s
W,e,d,e,l,i,a, ,a,l,a,g,o,e,n,s,i,s
W,e,d,e,l,i,a, ,c,a,l,y,c,i,n,a
I,m,p,a,t,i,e,n,s, ,w,a,l,l,e,r,a,n,a
B,e,g,o,n,i,a, ,c,u,c,u,l,l,a,t,a
B,e,g,o,n,i,a, ,f,i,s,c,h,e,r,i
B,e,g,o,n,i,a, ,h,i,r,t,e,l,l,a
B,e,g,o,n,i,a, ,r,e,n,i,f,o,r,m,i,s
P,l,e,o,n,o,t,o,m,a, ,c,l,e,m,a,t,i,s
T,a,n,a,e,c,i,u,m, ,p,y,r,a,m,i,d,a,t,u,m
T,y,n,a,n,t,h,u,s, ,p,o,l,y,a,n,t,h,u,s
C,o,r,d,i,a, ,c,u,r,a,s,s,a,v,i,c,a
C,o,r,d,i,a, ,m,u,l,t,i,s,p,i,c,a,t,a
C,o,r,d,i,a, ,s,u,p,e,r,b,a
C,o,r,d,i,a, ,t,e,t,r,a,n,d,r,a
E,u,p,l,o,c,a, ,p,r,o,c,u,m,b,e,n,s
H,e,l,i,o,t,r,o,p,i,u,m, ,a,n,g,i,o,s,p,e,r,m,u,m
H,e,l,i,o,t,r,o,p,i,u,m, ,e,l,o,n,g,a,t,u,m
H,e,l,i,o,t,r,o,p,i,u,m, ,i,n,d,i,c,u,m
H,e,l,i,o,t,r,o,p,i,u,m, ,p,r,o,c,u,m,b,e,n,s
T,o,u,r,n,e,f,o,r,t,i,a, ,b,i,c,o,l,o,r
C,a,r,d,a,m,i,n,e, ,b,o,n,a,r,i,e,n,s,i,s
N,a,s,t,u,r,t,i,u,m, ,o,f,f,i,c,i,n,a,l,e
B,u,r,m,a,n,n,i,a, ,a,u,s,t,r,a,l,i,s
B,u,r,m,a,n,n,i,a, ,c,a,p,i,t,a,t,a
B,u,r,m,a,n,n,i,a, ,f,l,a,v,a
C,a,b,o,m,b,a, ,a,q,u,a,t,i,c,a
C,a,b,o,m,b,a, ,c,a,r,o,l,i,n,i,a,n,a
C,a,b,o,m,b,a, ,f,u,r,c,a,t,a
C,a,b,o,m,b,a, ,h,a,y,n,e,s,i,i
C,e,n,t,r,o,p,o,g,o,n, ,c,o,r,n,u,t,u,s
L,o,b,e,l,i,a, ,a,n,c,e,p,s
L,o,b,e,l,i,a, ,a,q,u,a,t,i,c,a
L,o,b,e,l,i,a, ,c,a,m,p,o,r,u,m
L,o,b,e,l,i,a, ,e,x,a,l,t,a,t,a
L,o,b,e,l,i,a, ,f,i,s,t,u,l,o,s,a
L,o,b,e,l,i,a, ,n,u,m,m,u,l,a,r,i,o,i,d,e,s
L,o,b,e,l,i,a, ,x,a,l,a,p,e,n,s,i,s
P,r,a,t,i,a, ,h,e,d,e,r,a,c,e,a
S,i,p,h,o,c,a,m,p,y,l,u,s, ,s,u,l,f,e,r,e,u,s
C,a,n,n,a, ,i,n,d,i,c,a
C,a,n,n,a, ,g,l,a,u,c,a
C,a,n,n,a, ,x,g,e,n,e,r,a,l,i,s
A,n,e,i,l,e,m,a, ,u,m,b,r,o,s,u,m
C,a,l,l,i,s,i,a, ,f,i,l,i,f,o,r,m,i,s
C,o,m,m,e,l,i,n,a, ,d,i,f,f,u,s,a
C,o,m,m,e,l,i,n,a, ,e,r,e,c,t,a
C,o,m,m,e,l,i,n,a, ,n,u,d,i,f,l,o,r,a
C,o,m,m,e,l,i,n,a, ,o,b,l,i,q,u,a
C,o,m,m,e,l,i,n,a, ,s,c,h,o,m,b,u,r,g,k,i,a,n,a
D,i,c,h,o,r,i,s,a,n,d,r,a, ,h,e,x,a,n,d,r,a
F,l,o,s,c,o,p,a, ,g,l,a,b,r,a,t,a
T,r,i,p,o,g,a,n,d,r,a, ,d,i,u,r,e,t,i,c,a
A,n,i,s,e,a, ,c,e,r,n,u,a
A,n,i,s,e,i,a, ,m,a,r,t,i,n,i,c,e,n,s,i
C,r,e,s,s,a, ,t,r,u,x,i,l,l,e,n,s,i,s
E,v,o,l,v,u,l,u,s, ,f,i,l,i,p,e,s
E,v,o,l,v,u,l,u,s, ,n,u,m,m,u,l,a,r,i,u,s
E,v,o,l,v,u,l,u,s, ,p,o,h,l,l,i
I,p,o,m,o,e,a, ,a,l,b,a
I,p,o,m,o,e,a, ,a,q,u,a,t,i,c,a
I,p,o,m,o,e,a, ,a,s,a,r,a,l,i,f,o,l,i,a
I,p,o,m,o,e,a, ,a,s,a,r,i,f,o,l,i,a
I,p,o,m,o,e,a, ,b,a,t,a,t,a,s
I,p,o,m,o,e,a, ,c,a,i,r,i,c,a
I,p,o,m,o,e,a, ,c,a,r,n,e,a
I,p,o,m,o,e,a, ,c,y,n,a,n,c,h,i,f,o,l,i,a
I,p,o,m,o,e,a, ,f,i,m,b,r,i,o,s,e,p,a,l,a
I,p,o,m,o,e,a, ,f,i,s,t,u,l,o,s,a
I,p,o,m,o,e,a, ,i,n,d,i,v,i,s,a
I,p,o,m,o,e,a, ,p,h,i,l,o,m,e,g,a
I,p,o,m,o,e,a, ,q,u,a,m,o,c,l,i,t
I,p,o,m,o,e,a, ,s,e,t,i,f,e,r,a
I,p,o,m,o,e,a, ,s,e,t,o,s,a
I,p,o,m,o,e,a, ,s,e,r,p,e,n,s
I,p,o,m,o,e,a, ,s,q,u,a,m,o,s,a
I,p,o,m,o,e,a, ,s,u,b,r,e,v,o,l,u,t,a
I,p,o,m,o,e,a, ,w,r,i,g,h,t,i,i
I,s,e,i,a, ,l,u,x,u,r,i,a,n,s
J,a,c,q,u,e,m,o,n,t,i,a, ,h,e,t,e,r,a,n,t,h,a
M,e,r,r,e,m,i,a, ,a,e,g,y,p,t,i,a
M,e,r,r,e,m,i,a, ,u,m,b,e,l,l,a,t,a
O,p,e,r,c,u,l,i,n,a, ,h,a,m,i,l,t,o,n,i,i
T,e,t,r,a,l,o,c,u,l,a,r,i,a, ,p,e,n,n,e,l,l,i,i
C,o,s,t,u,s, ,a,r,a,b,i,c,u,s
C,o,s,t,u,s, ,s,p,i,r,a,l,e,s
C,r,a,s,s,u,l,a, ,p,e,d,u,n,c,u,l,a,r,i,s
C,y,c,l,a,n,t,h,e,r,a, ,h,y,s,t,r,i,x
E,l,a,t,e,r,i,u,m, ,a,m,a,z,o,n,i,c,u,m
F,e,v,i,l,l,e,a, ,t,r,i,l,o,b,a,t,a
G,u,r,a,n,i,a, ,b,i,g,n,o,n,i,a,c,e,a
G,u,r,a,n,i,a, ,t,r,i,c,u,s,p,i,d,a,t,a
L,u,f,f,a, ,o,p,e,r,c,u,l,a,t,a
M,o,m,o,r,d,i,c,a, ,c,h,a,r,a,n,t,i,a
H,a,l,o,d,u,l,e, ,e,m,a,r,g,i,n,a,t,a
H,a,l,o,d,u,l,e, ,w,r,i,g,h,t,i,i
A,b,i,l,d,g,a,a,r,d,i,a, ,o,v,a,t,a
B,e,c,q,u,e,r,e,l,i,a, ,c,y,m,o,s,a
B,e,c,q,u,e,r,e,l,i,a, ,m,u,r,i,c,a,t,a
B,u,l,b,o,s,t,y,l,i,s, ,c,a,p,i,l,l,a,r,i,s
B,u,l,b,o,s,t,y,l,i,s, ,h,i,r,t,e,l,l,a
B,u,l,b,o,s,t,y,l,i,s, ,j,u,n,c,i,f,o,r,m,i,s
B,u,l,b,o,s,t,y,l,i,s, ,j,u,n,c,o,i,d,e,s
B,u,l,b,o,s,t,y,l,i,s, ,s,e,l,l,o,w,i,a,n,a
B,u,l,b,o,s,t,y,l,i,s, ,t,r,u,n,c,a,t,a
C,a,l,y,p,t,r,o,c,a,r,y,a, ,l,o,n,g,i,f,o,l,i,a
C,a,r,e,x, ,b,r,a,s,i,l,i,e,n,s,i,s
C,a,r,e,x, ,p,s,e,u,d,o,c,y,p,e,r,u,s
C,l,a,d,i,u,m, ,j,a,m,a,i,c,e,n,s,e
C,y,p,e,r,u,s, ,a,g,g,r,e,g,a,t,u,s
C,y,p,e,r,u,s, ,a,m,a,b,i,l,i,s
C,y,p,e,r,u,s, ,a,r,t,i,c,u,l,a,t,u,s
C,y,p,e,r,u,s, ,a,r,i,s,t,a,t,u,s
C,y,p,e,r,u,s, ,b,a,r,r,o,s,i,a,n,u,s
C,y,p,e,r,u,s, ,b,e,r,r,o,i
C,y,p,e,r,u,s, ,b,r,e,v,i,f,o,l,i,u,s
C,y,p,e,r,u,s, ,c,a,y,e,n,n,e,n,s,i,s
C,y,p,e,r,u,s, ,c,e,l,l,u,l,o,s,o,-,r,e,t,i,c,u,l,a,t,u,s
C,y,p,e,r,u,s, ,c,h,a,l,a,r,a,n,t,h,u,s
C,y,p,e,r,u,s, ,c,o,m,p,r,e,s,s,u,s
C,y,p,e,r,u,s, ,c,o,r,n,e,l,i,i,-,o,s,t,e,n,i,i
C,y,p,e,r,u,s, ,c,o,r,y,m,b,o,s,u,s
C,y,p,e,r,u,s, ,c,u,s,p,i,d,a,t,u,s
C,y,p,e,r,u,s, ,d,i,f,f,u,s,u,s
C,y,p,e,r,u,s, ,d,i,g,i,t,a,t,u,s
C,y,p,e,r,u,s, ,d,i,s,t,a,n,s
C,y,p,e,r,u,s, ,e,r,a,g,r,o,s,t,i,s
C,y,p,e,r,u,s, ,e,s,c,u,l,e,n,t,u,s
C,y,p,e,r,u,s, ,f,i,s,t,u,l,o,s,u,s
C,y,p,e,r,u,s, ,g,a,r,d,n,e,r,i
C,y,p,e,r,u,s, ,g,i,g,a,n,t,e,u,s
C,y,p,e,r,u,s, ,h,a,s,p,a,n
C,y,p,e,r,u,s, ,h,e,r,m,a,p,h,r,o,d,i,t,u,s
C,y,p,e,r,u,s, ,i,m,b,r,i,c,a,t,u,s
C,y,p,e,r,u,s, ,i,n,t,r,i,c,a,t,u,s
C,y,p,e,r,u,s, ,i,n,v,o,l,u,c,r,a,t,u,s
C,y,p,e,r,u,s, ,i,r,i,a
C,y,p,e,r,u,s, ,l,a,e,t,u,s
C,y,p,e,r,u,s, ,l,a,n,c,e,o,l,a,t,u,s
C,y,p,e,r,u,s, ,l,a,x,u,s
C,y,p,e,r,u,s, ,l,i,g,u,l,a,r,i,s
C,y,p,e,r,u,s, ,l,u,z,u,l,a,e
C,y,p,e,r,u,s, ,m,e,g,a,p,o,t,a,m,i,c,u,s
C,y,p,e,r,u,s, ,m,u,n,d,t,i,i
C,y,p,e,r,u,s, ,o,b,t,u,s,a,t,u,s
C,y,p,e,r,u,s, ,o,d,o,r,a,t,u,s
C,y,p,e,r,u,s, ,p,a,p,y,r,u,s
C,y,p,e,r,u,s, ,p,o,l,y,s,t,a,c,h,y,u,s
C,y,p,e,r,u,s, ,p,r,o,l,i,x,u,s
C,y,p,e,r,u,s, ,r,e,f,l,e,x,u,s
C,y,p,e,r,u,s, ,r,i,g,e,n,s
C,y,p,e,r,u,s, ,r,o,t,u,n,d,u,s
C,y,p,e,r,u,s, ,s,e,s,q,u,i,f,l,o,r,u,s
C,y,p,e,r,u,s, ,s,u,r,i,n,a,m,e,n,s,i,s
C,y,p,e,r,u,s, ,u,n,c,i,n,u,l,a,t,u,s
C,y,p,e,r,u,s, ,v,i,r,e,n,s
D,i,a,l,i,u,m, ,g,u,i,a,n,e,n,s,e
D,i,p,l,a,c,r,u,m, ,l,o,n,g,i,f,o,l,i,u,m
E,l,e,o,c,h,a,r,i,s, ,a,c,u,t,a,n,g,u,l,a
E,l,e,o,c,h,a,r,i,s, ,a,t,r,o,p,u,r,p,u,r,e,a
E,l,e,o,c,h,a,r,i,s, ,b,a,r,r,o,s,i,i
E,l,e,o,c,h,a,r,i,s, ,b,o,n,a,r,i,e,n,s,i,s
E,l,e,o,c,h,a,r,i,s, ,c,a,p,i,l,l,a,c,e,a
E,l,e,o,c,h,a,r,i,s, ,d,e,b,i,l,i,s
E,l,e,o,c,h,a,r,i,s, ,e,l,a,t,a
E,l,e,o,c,h,a,r,i,s, ,e,l,e,g,a,n,s
E,l,e,o,c,h,a,r,i,s, ,e,l,o,n,g,a,t,a
E,l,e,o,c,h,a,r,i,s, ,e,q,u,i,s,e,t,o,i,d,e,s
E,l,e,o,c,h,a,r,i,s, ,f,i,l,i,c,u,l,m,i,s
E,l,e,o,c,h,a,r,i,s, ,f,i,s,t,u,l,o,s,a
E,l,e,o,c,h,a,r,i,s, ,f,l,a,v,e,s,c,e,n,s
E,l,e,o,c,h,a,r,i,s, ,g,e,n,i,c,u,l,a,t,a
E,l,e,o,c,h,a,r,i,s, ,i,n,t,e,r,s,t,i,n,c,t,a
E,l,e,o,c,h,a,r,i,s, ,m,a,c,u,l,o,s,a
E,l,e,o,c,h,a,r,i,s, ,m,i,n,a,r,u,m
E,l,e,o,c,h,a,r,i,s, ,m,i,n,i,m,a
E,l,e,o,c,h,a,r,i,s, ,m,o,n,t,a,n,a
E,l,e,o,c,h,a,r,i,s, ,m,u,t,a,t,a
E,l,e,o,c,h,a,r,i,s, ,n,a,n,a
E,l,e,o,c,h,a,r,i,s, ,n,o,d,u,l,o,s,a
E,l,e,o,c,h,a,r,i,s, ,n,u,d,i,p,e,s
E,l,e,o,c,h,a,r,i,s, ,r,a,d,i,c,a,n,s
E,l,e,o,c,h,a,r,i,s, ,r,e,t,r,o,f,l,e,x,a
E,l,e,o,c,h,a,r,i,s, ,s,e,l,l,o,w,i,a,n,a
E,l,e,o,c,h,a,r,i,s, ,s,u,b,a,r,t,i,c,u,l,a,t,a
E,l,e,o,c,h,a,r,i,s, ,u,m,b,e,l,l,a,t,a
F,i,m,b,r,i,s,t,y,l,i,s, ,a,e,s,t,i,v,a,l,i,s
F,i,m,b,r,i,s,t,y,l,i,s, ,a,u,t,u,m,n,a,l,i,s
F,i,m,b,r,i,s,t,y,l,i,s, ,c,o,m,p,l,a,n,a,t,a
F,i,m,b,r,i,s,t,y,l,i,s, ,c,y,m,o,s,a
F,i,m,b,r,i,s,t,y,l,i,s, ,d,i,c,h,o,t,o,m,a
F,i,m,b,r,i,s,t,y,l,i,s, ,d,i,p,h,y,l,l,a
F,i,m,b,r,i,s,t,y,l,i,s, ,m,i,l,i,a,c,e,a
F,i,m,b,r,i,s,t,y,l,i,s, ,s,p,a,d,i,c,e,a
F,i,m,b,r,i,s,t,y,l,i,s, ,s,q,u,a,r,r,o,s,a
F,u,i,r,e,n,a, ,i,n,c,o,m,p,l,e,t,a
F,u,i,r,e,n,a, ,r,o,b,u,s,t,a
F,u,i,r,e,n,a, ,u,m,b,e,l,l,a,t,a
H,y,p,a,r,r,h,e,n,i,a, ,r,u,f,a
K,y,l,l,i,n,g,a, ,o,d,o,r,a,t,a
K,y,l,l,i,n,g,a, ,p,u,m,i,l,a
L,i,p,o,c,a,r,p,h,a, ,h,u,m,b,o,l,d,t,i,a,n,a
L,i,p,o,c,a,r,p,h,a, ,m,i,c,r,a,n,t,h,a
L,i,p,o,c,a,r,p,h,a, ,s,a,l,z,m,a,n,n,i,a,n,a
L,i,p,o,c,a,r,p,h,a, ,s,e,l,l,o,w,i,a,n,a
O,x,y,c,a,r,y,u,m, ,c,u,b,e,n,s,e
P,y,c,r,e,u,s, ,f,l,a,v,e,s,c,e,n,s
P,y,c,r,e,u,s, ,m,a,c,r,o,s,t,a,c,h,y,o,s
P,y,c,r,e,u,s, ,p,o,l,y,s,t,a,c,h,y,o,s
R,h,y,n,c,h,o,s,p,o,r,a, ,b,a,r,b,a,t,a
R,h,y,n,c,h,o,s,p,o,r,a, ,b,r,i,t,t,o,n,i,i
R,h,y,n,c,h,o,s,p,o,r,a, ,c,e,p,h,a,l,o,t,e,s
R,h,y,n,c,h,o,s,p,o,r,a, ,c,o,n,t,r,a,c,t,a
R,h,y,n,c,h,o,s,p,o,r,a, ,c,o,r,y,m,b,o,s,a
R,h,y,n,c,h,o,s,p,o,r,a, ,c,y,p,e,r,o,i,d,e,s
R,h,y,n,c,h,o,s,p,o,r,a, ,g,i,g,a,n,t,e,a
R,h,y,n,c,h,o,s,p,o,r,a, ,h,o,l,o,s,c,h,o,e,n,o,i,d,e,s
R,h,y,n,c,h,o,s,p,o,r,a, ,m,a,r,i,s,c,u,l,u,s
R,h,y,n,c,h,o,s,p,o,r,a, ,n,e,r,v,o,s,a
R,h,y,n,c,h,o,s,p,o,r,a, ,p,u,b,e,r,a
R,h,y,n,c,h,o,s,p,o,r,a, ,r,i,p,a,r,i,a
R,h,y,n,c,h,o,s,p,o,r,a, ,s,c,h,o,m,b,u,r,g,k,i,a,n,a
R,h,y,n,c,h,o,s,p,o,r,a, ,s,u,b,p,l,u,m,o,s,a
R,h,y,n,c,h,o,s,p,o,r,a, ,t,e,n,e,r,r,i,m,a
R,h,y,n,c,h,o,s,p,o,r,a, ,t,e,n,u,i,s
R,h,y,n,c,h,o,s,p,o,r,a, ,t,r,i,s,p,i,c,a,t,a
R,h,y,n,c,h,o,s,p,o,r,a, ,v,e,l,u,t,i,n,a
S,c,h,o,e,n,o,p,l,e,c,t,u,s, ,c,a,l,i,f,o,r,n,i,c,u,s
S,c,i,r,p,u,s, ,a,m,e,r,i,c,a,n,u,s
S,c,i,r,p,u,s, ,c,a,l,i,f,o,r,n,i,c,u,s
S,c,i,r,p,u,s, ,c,u,b,e,n,s,i,s
S,c,i,r,p,u,s, ,g,i,g,a,n,t,e,u,s
S,c,i,r,p,u,s, ,m,a,r,i,t,i,m,u,s
S,c,i,r,p,u,s, ,s,u,b,m,e,r,s,u,s
S,c,l,e,r,i,a, ,b,r,a,c,t,e,a,t,a
S,c,l,e,r,i,a, ,d,i,s,t,a,n,s
S,c,l,e,r,i,a, ,h,i,r,t,e,l,l,a
S,c,l,e,r,i,a, ,m,e,l,a,l,e,u,c,a
S,c,l,e,r,i,a, ,m,i,c,r,o,c,a,r,p,a
S,c,l,e,r,i,a, ,m,i,t,i,s
S,c,l,e,r,i,a, ,p,t,e,r,o,t,a
S,c,l,e,r,i,a, ,s,e,c,a,n,s
S,c,l,e,r,i,a, ,s,o,r,o,n,i,a
W,e,b,s,t,e,r,i,a, ,c,o,n,f,e,r,v,o,i,d,e,s
D,i,o,s,c,o,r,e,a, ,m,a,r,g,i,n,a,t,a
D,r,o,s,e,r,a, ,c,o,m,m,u,n,i,s
D,r,o,s,e,r,a, ,i,n,t,e,r,m,e,d,i,a
E,l,a,t,i,n,e, ,l,i,n,d,b,e,r,g,i,i
E,q,u,i,s,e,t,u,m, ,g,i,g,a,n,t,e,u,m
E,q,u,i,s,e,t,u,m, ,h,y,e,m,a,l,e
A,g,a,r,i,s,t,a, ,c,h,l,o,r,a,n,t,h,a
G,a,y,l,u,s,s,a,c,i,a, ,b,r,a,s,i,l,i,e,n,s,i,s
E,r,i,o,c,a,u,l,o,n, ,a,n,g,u,s,t,i,f,o,l,i,u,m
E,r,i,o,c,a,u,l,o,n, ,a,q,u,a,t,i,l,e
E,r,i,o,c,a,u,l,o,n, ,h,u,m,b,o,l,d,t,i,i
E,r,i,o,c,a,u,l,o,n, ,m,a,g,n,i,f,i,c,u,m
E,r,i,o,c,a,u,l,o,n, ,m,o,d,e,s,t,u,m
E,r,i,o,c,a,u,l,o,n, ,o,b,t,u,s,u,m
E,r,i,o,c,a,u,l,o,n, ,s,e,t,a,c,e,u,m
L,e,i,o,t,h,r,i,x, ,p,i,l,u,l,i,f,e,r,a
L,e,i,o,t,h,r,i,x, ,r,u,f,u,l,a
P,a,e,p,a,l,a,n,t,h,u,s, ,b,i,f,i,d,u,s
P,a,e,p,a,l,a,n,t,h,u,s, ,l,a,m,a,r,c,k,i,i
P,a,e,p,a,l,a,n,t,h,u,s, ,p,l,a,n,i,f,o,l,i,u,s
P,a,e,p,a,l,a,n,t,h,u,s, ,t,o,r,t,i,l,i,s
S,y,n,g,o,n,a,n,t,h,u,s, ,a,n,o,m,a,l,u,s
S,y,n,g,o,n,a,n,t,h,u,s, ,c,a,u,l,e,s,c,e,n,s
S,y,n,g,o,n,a,n,t,h,u,s, ,c,h,r,y,s,a,n,t,h,u,s
S,y,n,g,o,n,a,n,t,h,u,s, ,g,l,a,n,d,u,l,o,s,u,s
S,y,n,g,o,n,a,n,t,h,u,s, ,g,r,a,c,i,l,i,s
S,y,n,g,o,n,a,n,t,h,u,s, ,o,b,l,o,n,g,u,s
S,y,n,g,o,n,a,n,t,h,u,s, ,x,e,r,a,n,t,h,e,m,o,i,d,e,s
T,o,n,i,n,a, ,f,l,u,v,i,a,t,i,l,i,s
A,c,a,l,y,p,h,a, ,a,r,v,e,n,s,i,s
A,c,a,l,y,p,h,a, ,p,o,i,r,e,t,i,i
A,r,g,y,t,h,a,m,n,i,a, ,h,e,t,e,r,o,p,e,t,a,l,a
A,s,t,r,a,e,a, ,l,o,b,a,t,a
C,a,p,e,r,o,n,i,a, ,c,a,s,t,a,n,e,i,f,o,l,i,a
C,a,p,e,r,o,n,i,a, ,h,i,s,t,r,i,x
C,a,p,e,r,o,n,i,a, ,p,a,l,u,s,t,r,i,s
C,r,o,t,o,n, ,t,r,i,n,i,t,a,t,i,s
D,a,l,e,c,h,a,m,p,i,a, ,s,c,a,n,d,e,n,s
D,a,l,e,c,h,a,m,p,i,a, ,t,i,l,i,i,f,o,l,i,a
E,u,p,h,o,r,b,i,a, ,h,i,r,t,a
E,u,p,h,o,r,b,i,a, ,h,y,s,s,o,p,i,f,o,l,i,a
E,u,p,h,o,r,b,i,a, ,p,r,o,s,t,r,a,t,a
E,u,p,h,o,r,b,i,a, ,t,h,y,m,i,f,o,l,i,a
S,a,p,i,u,m, ,g,l,a,n,d,u,l,a,t,u,m
S,e,s,b,a,n,i,a, ,s,c,h,o,t,t,i,a,n,a
T,o,n,i,n,a, ,f,l,u,v,i,a,t,i,l,i,s
A,d,e,s,m,i,a, ,l,a,t,i,f,o,l,i,a
A,e,s,c,h,y,n,o,m,e,n,e, ,a,m,e,r,i,c,a,n,a
A,e,s,c,h,y,n,o,m,e,n,e, ,c,i,l,i,a,t,a
A,e,s,c,h,y,n,o,m,e,n,e, ,d,e,n,t,i,c,u,l,a,t,a
A,e,s,c,h,y,n,o,m,e,n,e, ,e,v,e,n,i,a
A,e,s,c,h,y,n,o,m,e,n,e, ,f,i,l,o,s,a
A,e,s,c,h,y,n,o,m,e,n,e, ,f,l,u,m,i,n,e,n,s,i,s
A,e,s,c,h,y,n,o,m,e,n,e, ,i,n,d,i,c,a
A,e,s,c,h,y,n,o,m,e,n,e, ,m,o,l,l,i,c,u,l,a
A,e,s,c,h,y,n,o,m,e,n,e, ,m,o,n,t,e,v,i,d,e,n,s,i,s
A,e,s,c,h,y,n,o,m,e,n,e, ,p,a,n,i,c,u,l,a,t,a
A,e,s,c,h,y,n,o,m,e,n,e, ,r,u,d,i,s
A,e,s,c,h,y,n,o,m,e,n,e, ,s,c,a,b,r,a
A,e,s,c,h,y,n,o,m,e,n,e, ,s,e,n,s,i,t,i,v,a
A,e,s,c,h,y,n,o,m,e,n,e, ,v,i,r,g,i,n,i,c,a
A,n,a,d,e,n,a,n,t,h,e,r,a, ,c,o,l,u,b,r,i,n,a
C,a,l,o,p,o,g,o,n,i,u,m, ,m,u,c,u,n,o,i,d,e,s
C,e,n,t,r,o,s,e,m,a, ,b,r,a,s,i,l,i,a,n,u,m
C,e,n,t,r,o,s,e,m,a, ,p,u,b,e,s,c,e,n,s
C,h,a,m,a,e,c,r,i,s,t,a, ,c,a,l,y,c,i,o,i,d,e,s
C,h,a,m,a,e,c,r,i,s,t,a, ,d,i,p,h,y,l,l,a
C,h,a,m,a,e,c,r,i,s,t,a, ,h,i,s,p,i,d,u,l,a
C,h,a,m,a,e,c,r,i,s,t,a, ,n,i,c,t,i,t,a,n,s
C,h,a,m,a,e,c,r,i,s,t,a, ,r,e,p,e,n,s
C,l,i,t,o,r,i,a, ,f,a,l,c,a,t,a
C,l,i,t,o,r,i,a, ,g,u,i,a,n,e,n,s,i,s
C,l,i,t,o,r,i,a, ,l,a,u,r,i,f,o,l,i,a
C,o,l,l,a,e,a, ,s,p,e,c,i,o,s,a
C,r,o,t,a,l,a,r,i,a, ,b,r,e,v,i,f,o,l,i,a
C,r,o,t,a,l,a,r,i,a, ,m,i,c,a,n,s
C,r,o,t,a,l,a,r,i,a, ,n,i,t,e,n,s
C,r,o,t,a,l,a,r,i,a, ,p,a,l,l,i,d,a
C,r,o,t,a,l,a,r,i,a, ,p,i,l,o,s,a
C,r,o,t,a,l,a,r,i,a, ,s,a,g,i,t,t,a,l,i,s
C,y,m,b,o,s,e,m,a, ,r,o,s,e,u,m
D,a,l,b,e,r,g,i,a, ,e,c,a,s,t,o,p,h,y,l,l,u,m
D,e,s,m,o,d,i,u,m, ,a,d,s,c,e,n,d,e,n,s
D,e,s,m,o,d,i,u,m, ,b,a,r,b,a,t,u,m
D,e,s,m,o,d,i,u,m, ,i,n,c,a,n,u,m
D,e,s,m,o,d,i,u,m, ,t,o,r,t,u,o,s,u,m
D,i,o,c,l,e,a, ,g,r,a,n,d,i,f,l,o,r,a
D,i,o,c,l,e,a, ,g,u,i,a,n,e,n,s,i,s
D,i,s,c,o,l,o,b,i,u,m, ,l,e,p,t,o,p,h,y,l,l,u,m
D,i,s,c,o,l,o,b,i,u,m, ,p,s,o,r,a,l,i,a,e,f,o,l,i,u,m
D,i,s,c,o,l,o,b,i,u,m, ,p,u,l,c,h,e,l,l,u,m
E,r,i,o,s,e,m,a, ,s,i,m,p,l,i,c,i,f,o,l,i,u,m
E,r,y,t,h,r,i,n,a, ,c,r,i,s,t,a,-,g,a,l,l,i
I,n,d,i,g,o,f,e,r,a, ,h,i,r,s,u,t,a
I,n,d,i,g,o,f,e,r,a, ,l,e,s,p,e,d,e,z,i,o,i,d,e,s
I,n,d,i,g,o,f,e,r,a, ,s,a,b,u,l,i,c,o,l,a
I,n,g,a, ,a,f,f,i,n,i,s
I,n,g,a, ,m,a,r,g,i,n,a,t,a
I,n,g,a, ,s,e,s,s,i,l,i,s
I,n,g,a, ,u,r,u,g,u,e,n,s,i,s
L,o,n,c,h,o,c,a,r,p,u,s, ,s,e,r,i,c,e,u,s
M,a,c,r,o,l,o,b,i,u,m, ,m,u,l,t,i,j,u,g,u,m
M,a,c,r,o,p,t,i,l,i,u,m, ,g,r,a,c,i,l,e
M,a,c,r,o,p,t,i,l,i,u,m, ,l,a,t,h,y,r,o,i,d,e,s
M,i,m,o,s,a, ,b,i,m,u,c,r,o,n,a,t,a
M,i,m,o,s,a, ,d,e,b,i,l,i,s
M,i,m,o,s,a, ,d,o,r,m,i,e,n,s
M,i,m,o,s,a, ,i,n,v,i,s,a
M,i,m,o,s,a, ,p,e,l,l,i,t,a
M,i,m,o,s,a, ,p,i,g,r,a
M,i,m,o,s,a, ,p,u,d,i,c,a
M,i,m,o,s,a, ,s,e,t,o,s,a
N,e,p,t,u,n,i,a, ,o,l,e,r,a,c,e,a
N,e,p,t,u,n,i,a, ,p,l,e,n,a
N,e,p,t,u,n,i,a, ,p,r,o,s,t,r,a,t,a
R,h,y,n,c,h,o,s,i,a, ,m,i,n,i,m,a
S,e,n,n,a, ,c,o,r,y,m,b,o,s,a
S,e,n,n,a, ,o,b,t,u,s,i,f,o,l,i,a
S,e,n,n,a, ,o,c,c,i,d,e,n,t,a,l,i,s
S,e,n,n,a, ,r,e,t,i,c,u,l,a,t,a
S,e,n,n,a, ,u,n,i,f,l,o,r,a
S,e,s,b,a,n,i,a, ,e,x,a,s,p,e,r,a,t,a
S,e,s,b,a,n,i,a, ,p,u,n,i,c,e,a
S,t,y,l,o,s,a,n,t,h,e,s, ,a,n,g,u,s,t,i,f,o,l,i,a
S,t,y,l,o,s,a,n,t,h,e,s, ,g,r,a,c,i,l,i,s
S,t,y,l,o,s,a,n,t,h,e,s, ,g,u,i,a,n,e,n,s,i,s
S,t,y,l,o,s,a,n,t,h,e,s, ,s,c,a,b,r,a
S,t,y,l,o,s,a,n,t,h,e,s, ,v,i,s,c,o,s,a
T,e,p,h,r,o,s,i,a, ,p,u,r,p,u,r,e,a
T,e,r,a,m,n,u,s, ,v,o,l,u,b,i,l,i,s
V,a,c,h,e,l,l,i,a, ,f,a,r,n,e,s,i,a,n,a
V,i,g,n,a, ,j,u,r,u,a,n,a
V,i,g,n,a, ,l,a,s,i,o,c,a,r,p,a
V,i,g,n,a, ,l,o,n,g,i,f,o,l,i,a
V,i,g,n,a, ,l,u,t,e,o,l,a
Z,o,r,n,i,a, ,g,u,a,n,i,p,e,n,s,i,s
Z,o,r,n,i,a, ,l,a,t,i,f,o,l,i,a
C,o,u,t,o,u,b,e,a, ,r,a,m,o,s,a
C,o,u,t,o,u,b,e,a, ,s,p,i,c,a,t,a
C,u,r,t,i,a, ,t,e,n,u,i,f,o,l,i,a
I,r,l,b,a,c,h,i,a, ,a,l,a,t,a
I,r,l,b,a,c,h,i,a, ,p,u,r,p,u,r,a,s,c,e,n,s
S,c,h,u,l,t,e,s,i,a, ,b,e,n,t,h,a,m,i,a,n,a
S,c,h,u,l,t,e,s,i,a, ,b,r,a,c,h,y,p,t,e,r,a
S,c,h,u,l,t,e,s,i,a, ,g,r,a,c,i,l,i,s
S,c,h,u,l,t,e,s,i,a, ,g,u,i,a,n,e,n,s,i,s
S,c,h,u,l,t,e,s,i,a, ,o,p,t,e,r,a
D,r,y,m,o,n,i,a, ,c,o,c,c,i,n,e,a
S,i,n,n,i,n,g,i,a, ,e,l,a,t,i,o,r
S,c,h,i,e,k,i,a, ,o,r,i,n,o,c,e,n,s,i,s
L,a,u,r,e,m,b,e,r,g,i,a, ,t,e,t,r,a,n,d,r,a
M,y,r,i,o,p,h,y,l,l,u,m, ,a,q,u,a,t,i,c,u,m
M,y,r,i,o,p,h,y,l,l,u,m, ,e,l,a,t,i,n,o,i,d,e,s
P,r,o,s,e,r,p,i,n,a,c,a, ,p,a,l,u,s,t,r,i,s
H,e,l,i,c,o,n,i,a, ,m,a,r,g,i,n,a,t,a
H,e,l,i,c,o,n,i,a, ,p,s,i,t,t,a,c,o,r,u,m
A,p,a,l,a,n,t,h,e, ,g,r,a,n,a,t,e,n,s,i,s
E,g,e,r,i,a, ,d,e,n,s,a
E,g,e,r,i,a, ,n,a,j,a,s
E,l,o,d,e,a, ,c,a,n,a,d,e,n,s,i,s
H,a,l,o,p,h,i,l,a, ,d,e,c,i,p,i,e,n,s
H,y,d,r,i,l,l,a, ,v,e,r,t,i,c,i,l,l,a,t,a
L,i,m,n,o,b,i,u,m, ,l,a,e,v,i,g,a,t,u,m
N,a,j,a,s, ,a,r,g,u,r,t,a
N,a,j,a,s, ,c,o,n,f,e,r,t,a
N,a,j,a,s, ,g,u,a,d,a,l,u,p,e,n,s,i,s
N,a,j,a,s, ,m,a,r,i,n,a
N,a,j,a,s, ,m,i,c,r,o,c,a,r,p,a
N,a,j,a,s, ,m,i,c,r,o,d,o,n
O,t,t,e,l,i,a, ,b,r,a,s,i,l,i,e,n,s,i,s
H,y,d,r,o,l,e,a, ,e,l,a,t,i,o,r
H,y,d,r,o,l,e,a, ,s,p,i,n,o,s,a
H,y,p,e,r,i,c,u,m, ,b,r,a,s,i,l,i,e,n,s,e
H,y,p,e,r,i,c,u,m, ,m,u,t,i,l,u,m
V,i,s,m,i,a, ,c,a,y,e,n,n,e,n,s,i,s
C,u,r,c,u,l,i,g,o, ,s,c,o,r,z,o,n,e,r,i,f,o,l,i,a
H,y,p,o,x,i,s, ,d,e,c,u,m,b,e,n,s
C,i,p,u,r,a, ,p,a,l,u,d,o,s,a
S,i,s,y,r,i,n,c,h,i,u,m, ,m,i,c,r,a,n,t,h,u,m
S,i,s,y,r,i,n,c,h,i,u,m, ,v,a,g,i,n,a,t,u,m
I,s,o,e,t,e,s, ,b,r,a,s,i,l,i,e,n,s,i,s
I,s,o,e,t,e,s, ,e,k,m,a,n,i,i
J,u,n,c,u,s, ,a,c,u,t,u,s
J,u,n,c,u,s, ,b,u,f,o,n,i,u,s
J,u,n,c,u,s, ,c,a,p,i,l,l,a,c,e,u,s
J,u,n,c,u,s, ,d,e,n,s,i,f,l,o,r,u,s
J,u,n,c,u,s, ,d,i,c,h,o,t,o,m,u,s
J,u,n,c,u,s, ,d,o,m,b,e,y,a,n,u,s
J,u,n,c,u,s, ,e,f,f,u,s,u,s
J,u,n,c,u,s, ,m,a,r,g,i,n,a,t,u,s
J,u,n,c,u,s, ,m,i,c,r,o,c,e,p,h,a,l,u,s
J,u,n,c,u,s, ,s,e,l,l,o,w,i,a,n,u,s
J,u,n,c,u,s, ,s,c,i,r,p,o,i,d,e,s
L,i,l,a,e,a, ,s,c,i,l,l,o,i,d,e,s
T,r,i,g,l,o,c,h,i,n, ,s,t,r,i,a,t,a
H,y,p,t,i,s, ,a,t,r,o,r,u,b,e,n,s
H,y,p,t,i,s, ,b,r,e,v,i,p,e,s
H,y,p,t,i,s, ,c,a,e,s,p,i,t,o,s,a
H,y,p,t,i,s, ,d,i,l,a,t,a,t,a
H,y,p,t,i,s, ,f,a,s,c,i,c,u,l,a,t,a
H,y,p,t,i,s, ,l,a,c,u,s,t,r,i,s
H,y,p,t,i,s, ,l,a,g,e,n,a,r,i,a
H,y,p,t,i,s, ,l,a,n,t,a,n,i,i,f,o,l,i,a
H,y,p,t,i,s, ,l,a,p,p,a,c,e,a
H,y,p,t,i,s, ,l,o,r,e,n,t,z,i,a,n,a
H,y,p,t,i,s, ,m,u,t,a,b,i,l,i,s
H,y,p,t,i,s, ,p,a,r,k,e,r,i
H,y,p,t,i,s, ,r,e,c,u,r,v,a,t,a
H,y,p,t,i,s, ,s,p,i,c,i,g,e,r,a
H,y,p,t,i,s, ,s,u,a,v,e,o,l,e,n,s
H,y,p,t,i,s, ,t,e,t,r,a,c,e,p,h,a,l,a
H,y,p,t,i,s, ,v,i,l,i,s
M,a,r,s,y,p,i,a,n,t,h,e,s, ,c,h,a,m,a,e,d,r,y,s
O,c,i,m,u,m, ,c,a,m,p,e,c,h,i,a,n,u,m
P,r,u,n,e,l,l,a, ,v,u,l,g,a,r,i,s
S,a,l,v,i,a, ,a,r,e,n,a,r,i,a
S,a,l,v,i,a, ,s,c,a,b,r,i,d,a
S,c,u,t,e,l,l,a,r,i,a, ,m,i,n,o,r
V,i,t,e,x, ,c,y,m,o,s,a
V,i,t,e,x, ,m,e,g,a,p,o,t,a,m,i,c,a
C,a,s,s,y,t,h,a, ,f,i,l,i,f,o,r,m,i,s
G,e,n,l,i,s,e,a, ,f,i,l,i,f,o,r,m,i,s
U,t,r,i,c,u,l,a,r,i,a, ,a,d,p,r,e,s,s,a
U,t,r,i,c,u,l,a,r,i,a, ,b,r,e,v,i,s,c,a,p,a
U,t,r,i,c,u,l,a,r,i,a, ,c,u,c,c,u,l,a,t,a
U,t,r,i,c,u,l,a,r,i,a, ,e,r,e,c,t,i,f,l,o,r,a
U,t,r,i,c,u,l,a,r,i,a, ,f,i,m,b,r,i,a,t,a
U,t,r,i,c,u,l,a,r,i,a, ,f,o,l,i,o,s,a
U,t,r,i,c,u,l,a,r,i,a, ,g,i,b,b,a
U,t,r,i,c,u,l,a,r,i,a, ,g,u,y,a,n,e,n,s,i,s
U,t,r,i,c,u,l,a,r,i,a, ,h,y,d,r,o,c,a,r,p,a
U,t,r,i,c,u,l,a,r,i,a, ,i,n,f,l,a,t,a
U,t,r,i,c,u,l,a,r,i,a, ,j,u,n,c,e,a
U,t,r,i,c,u,l,a,r,i,a, ,l,a,c,i,n,i,a,t,a
U,t,r,i,c,u,l,a,r,i,a, ,l,a,x,a
U,t,r,i,c,u,l,a,r,i,a, ,m,y,r,i,o,c,i,s,t,a
U,t,r,i,c,u,l,a,r,i,a, ,n,a,n,a
U,t,r,i,c,u,l,a,r,i,a, ,n,e,o,t,t,i,o,i,d,e,s
U,t,r,i,c,u,l,a,r,i,a, ,n,e,r,v,o,s,a
U,t,r,i,c,u,l,a,r,i,a, ,n,i,g,r,e,s,c,e,n,s
U,t,r,i,c,u,l,a,r,i,a, ,o,l,i,v,a,c,e,a
U,t,r,i,c,u,l,a,r,i,a, ,p,h,y,s,o,c,e,r,a,s
U,t,r,i,c,u,l,a,r,i,a, ,p,r,a,e,l,o,n,g,a
U,t,r,i,c,u,l,a,r,i,a, ,p,o,c,o,n,e,n,s,i,s
U,t,r,i,c,u,l,a,r,i,a, ,p,u,s,i,l,l,a
U,t,r,i,c,u,l,a,r,i,a, ,r,e,n,i,f,o,r,m,i,s
U,t,r,i,c,u,l,a,r,i,a, ,s,i,m,u,l,a,n,s
U,t,r,i,c,u,l,a,r,i,a, ,s,u,b,u,l,a,t,a
U,t,r,i,c,u,l,a,r,i,a, ,t,r,i,c,h,o,p,h,y,l,l,a
U,t,r,i,c,u,l,a,r,i,a, ,t,r,i,c,o,l,o,r
U,t,r,i,c,u,l,a,r,i,a, ,t,r,i,l,o,b,a
U,t,r,i,c,u,l,a,r,i,a, ,w,a,r,m,i,n,g,i,i
L,i,n,d,e,r,n,i,a, ,c,r,u,s,t,a,c,e,a
L,i,n,d,e,r,n,i,a, ,d,i,f,f,u,s,a
L,i,n,d,e,r,n,i,a, ,m,i,c,r,o,c,a,l,y,x
L,i,n,d,e,r,n,i,a, ,r,o,t,u,n,d,i,f,o,l,i,a
T,o,r,e,n,i,a, ,t,h,o,u,a,r,s,i,i
S,p,i,g,e,l,i,a, ,a,n,t,h,e,l,m,i,a
A,m,m,a,n,n,i,a, ,a,u,r,i,c,u,l,a,t,a
A,m,m,a,n,n,i,a, ,l,a,t,i,f,o,l,i,a
C,u,p,h,e,a, ,a,n,t,i,s,y,p,h,i,l,i,t,i,c,a
C,u,p,h,e,a, ,a,r,e,n,a,r,i,o,i,d,e,s
C,u,p,h,e,a, ,c,a,m,p,e,s,t,r,i,s
C,u,p,h,e,a, ,c,a,r,t,h,a,g,e,n,e,n,s,i,s
C,u,p,h,e,a, ,c,i,r,c,a,e,o,i,d,e,s
C,u,p,h,e,a, ,f,r,u,t,i,c,o,s,a
C,u,p,h,e,a, ,i,n,g,r,a,t,a
C,u,p,h,e,a, ,m,e,l,v,i,l,l,a
C,u,p,h,e,a, ,r,a,c,e,m,o,s,a
C,u,p,h,e,a, ,r,e,p,e,n,s
C,u,p,h,e,a, ,s,e,s,s,i,l,i,f,l,o,r,a
H,e,i,m,i,a, ,m,y,r,t,i,f,o,l,i,a
L,y,t,h,r,u,m, ,h,y,s,s,o,p,i,f,o,l,i,a
P,l,e,u,r,o,p,h,o,r,a, ,a,n,o,m,a,l,a
R,o,t,a,l,a, ,m,e,x,i,c,a,n,a
R,o,t,a,l,a, ,r,a,m,o,s,i,o,r
R,o,t,a,l,a, ,r,o,t,u,n,d,i,f,o,l,i,a
B,y,r,s,o,n,i,m,a, ,i,n,t,e,r,m,e,d,i,a
B,y,t,t,n,e,r,i,a, ,g,e,n,i,s,t,e,l,l,a
B,y,t,t,n,e,r,i,a, ,p,a,l,u,s,t,r,i,s
B,y,t,t,n,e,r,i,a, ,r,a,m,o,s,i,s,s,i,m,a
B,y,t,t,n,e,r,i,a, ,s,c,a,b,r,a
C,o,r,c,h,o,r,u,s, ,a,r,g,u,t,u,s
C,o,r,c,h,o,r,u,s, ,h,i,r,t,u,s
H,e,l,i,c,t,e,r,e,s, ,g,u,a,z,u,m,i,f,o,l,i,a
H,i,b,i,s,c,u,s, ,b,i,f,u,r,c,a,t,u,s
H,i,b,i,s,c,u,s, ,c,i,s,p,l,a,t,i,n,u,s
H,i,b,i,s,c,u,s, ,d,i,m,i,d,i,a,t,u,s
H,i,b,i,s,c,u,s, ,d,i,v,e,r,s,i,f,o,l,i,u,s
H,i,b,i,s,c,u,s, ,f,u,r,c,e,l,l,a,t,u,s
H,i,b,i,s,c,u,s, ,s,o,r,o,r,i,u,s
H,i,b,i,s,c,u,s, ,s,t,r,i,a,t,u,s
M,a,l,a,c,h,r,a, ,r,a,d,i,a,t,a
M,e,l,o,c,h,i,a, ,a,r,e,n,o,s,a
M,e,l,o,c,h,i,a, ,g,r,a,m,i,n,i,f,o,l,i,a
M,e,l,o,c,h,i,a, ,h,i,r,s,u,t,a
M,e,l,o,c,h,i,a, ,s,i,m,p,l,e,x
M,e,l,o,c,h,i,a, ,s,p,i,c,a,t,a
M,o,n,t,e,i,r,o,a, ,p,t,a,r,m,i,c,i,f,o,l,i,a
P,a,v,o,n,i,a, ,a,n,g,u,s,t,i,f,o,l,i,a
P,a,v,o,n,i,a, ,c,a,n,c,e,l,l,a,t,a
P,a,v,o,n,i,a, ,g,r,a,n,d,i,f,l,o,r,a
P,a,v,o,n,i,a, ,l,a,e,t,e,v,i,r,e,n,s
P,a,v,o,n,i,a, ,s,e,s,s,i,l,i,f,l,o,r,a
S,i,d,a, ,a,c,u,t,a
S,i,d,a, ,a,n,o,m,a,l,a
S,i,d,a, ,g,a,l,h,e,i,r,e,n,s,i,s
S,i,d,a, ,r,h,o,m,b,i,f,o,l,i,a
S,i,d,a, ,s,e,t,o,s,a
S,i,d,a, ,s,p,i,n,o,s,a
S,i,d,a,s,t,r,u,m, ,m,u,l,t,i,f,l,o,r,u,m
T,r,i,u,m,f,e,t,t,a, ,a,l,t,h,a,e,o,i,d,e,s
U,r,e,n,a, ,l,o,b,a,t,a
W,a,l,t,h,e,r,i,a, ,a,m,e,r,i,c,a,n,a
W,a,l,t,h,e,r,i,a, ,i,n,d,i,c,a
C,a,l,a,t,h,e,a, ,c,a,p,i,t,a,t,a
C,a,l,a,t,h,e,a, ,c,o,m,o,s,a
C,a,l,a,t,h,e,a, ,l,a,n,a,t,a
C,a,l,a,t,h,e,a, ,l,o,e,s,e,n,e,r,i
C,a,l,a,t,h,e,a, ,m,i,c,a,n,s
I,s,c,h,n,o,s,i,p,h,o,n, ,p,o,l,y,p,h,y,l,l,u,s
T,h,a,l,i,a, ,m,u,l,t,i,f,l,o,r,a
T,h,a,l,i,a, ,g,e,n,i,c,u,l,a,t,a
M,a,y,a,c,a, ,f,l,u,v,i,a,t,i,l,i,s
M,a,y,a,c,a, ,k,u,n,t,h,i,i
M,a,y,a,c,a, ,l,o,n,g,i,p,e,s
M,a,y,a,c,a, ,s,e,l,l,o,w,i,a,n,a
A,c,i,o,t,i,s, ,a,c,u,m,i,n,i,f,o,l,i,a
A,c,i,o,t,i,s, ,o,r,n,a,t,a
A,c,i,s,a,n,t,h,e,r,a, ,a,l,s,i,n,a,e,f,o,l,i,a
A,c,i,s,a,n,t,h,e,r,a, ,d,i,v,a,r,i,c,a,r,t,a
A,c,i,s,a,n,t,h,e,r,a, ,f,l,u,i,t,a,n,s
A,c,i,s,a,n,t,h,e,r,a, ,l,i,m,n,o,b,i,o,s
A,c,i,s,a,n,t,h,e,r,a, ,v,a,r,i,a,b,i,l,i,s
C,a,m,b,e,s,s,e,d,e,s,i,a, ,h,i,l,a,r,i,a,n,a
C,l,i,d,e,m,i,a, ,c,a,p,i,t,e,l,l,a,t,a
C,l,i,d,e,m,i,a, ,h,i,r,t,a
C,o,m,o,l,i,a, ,v,i,l,l,o,s,a
D,e,s,m,o,s,c,e,l,i,s, ,v,i,l,l,o,s,a
L,a,v,o,i,s,i,e,r,a, ,u,m,b,r,i,c,a,t,a
L,e,a,n,d,r,a, ,m,u,l,t,i,p,l,i,n,e,r,v,i,s
M,a,i,c,a,r,e,a, ,r,a,d,u,l,a
M,i,c,o,n,i,a, ,c,h,a,m,i,s,s,o,i,s
M,i,c,r,o,l,e,p,i,s, ,o,l,e,i,f,o,l,i,a
M,i,c,r,o,l,i,c,i,a, ,m,y,r,t,o,i,d,e,a
P,t,e,r,o,l,e,p,i,s, ,g,l,o,m,e,r,a,t,a
P,t,e,r,o,l,e,p,i,s, ,r,e,p,a,n,d,a
R,h,y,n,c,h,a,n,t,h,e,r,a, ,c,o,r,d,a,t,a
R,h,y,n,c,h,a,n,t,h,e,r,a, ,d,i,c,h,o,t,o,m,a
R,h,y,n,c,h,a,n,t,h,e,r,a, ,g,r,a,n,d,i,f,l,o,r,a
R,h,y,n,c,h,a,n,t,h,e,r,a, ,h,i,s,p,i,d,a
R,h,y,n,c,h,a,n,t,h,e,r,a, ,n,o,v,e,m,n,e,r,v,i,a
R,h,y,n,c,h,a,n,t,h,e,r,a, ,s,e,r,r,u,l,a,t,a
R,h,y,n,c,h,a,n,t,h,e,r,a, ,v,e,r,b,e,n,o,i,d,e,s
T,i,b,o,u,c,h,i,n,a, ,a,s,p,e,r,a
T,i,b,o,u,c,h,i,n,a, ,a,s,p,e,r,i,o,r
T,i,b,o,u,c,h,i,n,a, ,c,e,r,a,s,t,i,f,o,l,i,a
T,i,b,o,u,c,h,i,n,a, ,c,i,s,p,l,a,t,e,n,s,i,s
T,i,b,o,u,c,h,i,n,a, ,g,r,a,c,i,l,i,s
T,i,b,o,u,c,h,i,n,a, ,h,e,r,b,a,c,e,a
T,i,b,o,u,c,h,i,n,a, ,s,e,b,a,s,t,i,a,n,o,p,o,l,i,t,a,n,a
T,i,b,o,u,c,h,i,n,a, ,s,e,m,i,d,e,c,a,n,d,r,a
T,i,b,o,u,c,h,i,n,a, ,t,r,i,c,h,o,p,o,d,a
T,i,b,o,u,c,h,i,n,a, ,u,r,c,e,o,l,a,r,i,s
C,i,s,s,a,m,p,e,l,o,s, ,a,n,d,r,o,m,o,r,p,h,a
C,i,s,s,a,m,p,e,l,o,s, ,g,l,a,b,e,r,r,i,m,a
O,d,o,n,t,o,c,a,r,y,a, ,a,r,i,f,o,l,i,a
O,d,o,n,t,o,c,a,r,y,a, ,t,a,m,o,i,d,e,s
N,y,m,p,h,o,i,d,e,s, ,g,r,a,y,a,n,a
N,y,m,p,h,o,i,d,e,s, ,h,u,m,b,o,l,d,t,i,a,n,a
N,y,m,p,h,o,i,d,e,s, ,i,n,d,i,c,a
G,l,i,n,u,s, ,r,a,d,i,a,t,u,s
M,o,l,l,u,g,o, ,v,e,r,t,i,c,i,l,l,a,t,a
P,s,i,d,i,u,m, ,a,c,u,t,a,n,g,u,l,u,m
P,s,i,d,i,u,m, ,c,a,t,t,l,e,i,a,n,u,m
N,y,m,p,h,a,e,a, ,a,l,b,a
N,y,m,p,h,a,e,a, ,a,m,a,z,o,n,u,m
N,y,m,p,h,a,e,a, ,a,m,p,l,a
N,y,m,p,h,a,e,a, ,b,e,l,o,p,h,y,l,l,a
N,y,m,p,h,a,e,a, ,c,a,e,r,u,l,e,a
N,y,m,p,h,a,e,a, ,c,a,p,e,n,s,i,s
N,y,m,p,h,a,e,a, ,g,a,r,d,n,e,r,i,a,n,a
N,y,m,p,h,a,e,a, ,j,a,m,e,s,o,n,i,a,n,a
N,y,m,p,h,a,e,a, ,l,a,s,i,o,p,h,y,l,l,a
N,y,m,p,h,a,e,a, ,l,i,n,g,u,l,a,t,a
N,y,m,p,h,a,e,a, ,l,o,t,u,s
N,y,m,p,h,a,e,a, ,m,e,x,i,c,a,n,a
N,y,m,p,h,a,e,a, ,o,d,o,r,a,t,a
N,y,m,p,h,a,e,a, ,o,x,y,p,e,t,a,l,a
N,y,m,p,h,a,e,a, ,p,r,o,l,i,f,e,r,a
N,y,m,p,h,a,e,a, ,p,u,l,c,h,e,l,l,a
N,y,m,p,h,a,e,a, ,r,u,b,r,a
N,y,m,p,h,a,e,a, ,r,u,d,g,e,a,n,a
V,i,c,t,o,r,i,a, ,a,m,a,z,o,n,i,c,a
S,a,u,v,a,g,e,s,i,a, ,e,r,e,c,t,a
S,a,u,v,a,g,e,s,i,a, ,r,a,c,e,m,o,s,a
S,a,u,v,a,g,e,s,i,a, ,r,u,b,i,g,i,n,o,s,a
S,a,u,v,a,g,e,s,i,a, ,s,p,r,e,n,g,e,l,i,i
L,u,d,w,i,g,i,a, ,a,f,f,i,n,i,s
L,u,d,w,i,g,i,a, ,c,a,p,a,r,o,s,a
L,u,d,w,i,g,i,a, ,d,e,c,u,r,r,e,n,s
L,u,d,w,i,g,i,a, ,d,e,n,s,i,f,l,o,r,a
L,u,d,w,i,g,i,a, ,e,l,e,g,a,n,s
L,u,d,w,i,g,i,a, ,e,r,e,c,t,a
L,u,d,w,i,g,i,a, ,f,i,l,i,f,o,r,m,i,s
L,u,d,w,i,g,i,a, ,g,r,a,n,d,i,f,l,o,r,a
L,u,d,w,i,g,i,a, ,h,e,l,m,i,n,t,h,o,r,r,h,i,z,a
L,u,d,w,i,g,i,a, ,h,e,x,a,p,e,t,a,l,a
L,u,d,w,i,g,i,a, ,h,y,s,s,o,p,i,f,o,l,i,a
L,u,d,w,i,g,i,a, ,i,n,c,l,i,n,a,t,a
L,u,d,w,i,g,i,a, ,i,r,w,i,n,i,i
L,u,d,w,i,g,i,a, ,l,a,g,u,n,a,e
L,u,d,w,i,g,i,a, ,l,e,p,t,o,c,a,r,p,a
L,u,d,w,i,g,i,a, ,l,i,n,i,f,o,l,i,a
L,u,d,w,i,g,i,a, ,l,o,n,g,i,f,o,l,i,a
L,u,d,w,i,g,i,a, ,m,a,j,o,r
L,u,d,w,i,g,i,a, ,m,u,l,t,i,n,e,r,v,i,a
L,u,d,w,i,g,i,a, ,n,e,r,v,o,s,a
L,u,d,w,i,g,i,a, ,o,c,t,o,v,a,l,v,i,s
L,u,d,w,i,g,i,a, ,p,e,p,l,o,i,d,e,s
L,u,d,w,i,g,i,a, ,p,e,r,u,v,i,a,n,a
L,u,d,w,i,g,i,a, ,r,i,g,i,d,a
L,u,d,w,i,g,i,a, ,s,e,d,o,i,d,e,s
L,u,d,w,i,g,i,a, ,s,e,r,i,c,e,a
L,u,d,w,i,g,i,a, ,s,u,f,f,r,u,t,i,c,o,s,a
L,u,d,w,i,g,i,a, ,t,o,m,e,n,t,o,s,a
L,u,d,w,i,g,i,a, ,t,o,r,u,l,o,s,a
L,u,d,w,i,g,i,a, ,u,r,u,g,u,a,y,e,n,s,i,s
A,n,a,c,h,e,i,l,i,u,m, ,a,l,a,g,o,e,n,s,e
C,l,e,i,s,t,e,s, ,g,r,a,c,i,l,i,s
C,y,r,t,o,p,o,d,i,u,m, ,p,a,l,u,d,i,c,o,l,u,m
E,p,i,d,e,n,d,r,u,m, ,d,e,n,d,r,o,b,i,o,i,d,e,s
E,r,y,t,h,r,o,d,e,s, ,p,u,m,i,l,a
E,u,l,o,p,h,i,a, ,a,l,t,a
H,a,b,e,n,a,r,i,a, ,a,r,i,c,a,e,n,s,i,s
H,a,b,e,n,a,r,i,a, ,b,r,a,c,h,y,p,h,y,t,o,n
H,a,b,e,n,a,r,i,a, ,b,r,a,c,t,e,s,c,e,n,s
H,a,b,e,n,a,r,i,a, ,g,r,a,c,i,l,i,s,c,a,r,p,a
H,a,b,e,n,a,r,i,a, ,i,n,c,o,n,s,p,i,c,u,a
H,a,b,e,n,a,r,i,a, ,j,o,h,a,n,n,e,n,s,i,s
H,a,b,e,n,a,r,i,a, ,n,a,b,u,c,o,i
H,a,b,e,n,a,r,i,a, ,n,u,d,a
H,a,b,e,n,a,r,i,a, ,p,a,r,v,i,f,l,o,r,a
H,a,b,e,n,a,r,i,a, ,p,r,a,t,e,n,s,i,s
H,a,b,e,n,a,r,i,a, ,r,e,p,e,n,s
H,a,b,e,n,a,r,i,a, ,r,i,e,d,e,l,i,i
H,a,b,e,n,a,r,i,a, ,v,a,u,p,e,l,l,i,i
B,u,c,h,n,e,r,a, ,p,a,l,u,s,t,r,i,s
B,u,c,h,n,e,r,a, ,r,o,s,e,a
M,e,l,a,s,m,a, ,m,e,l,a,m,p,y,r,o,i,d,e,s
V,e,l,l,o,s,i,e,l,l,a, ,d,r,a,c,o,c,e,p,h,a,l,o,i,d,e,s
O,x,a,l,i,s, ,b,a,r,r,e,l,i,e,r,i
P,a,s,s,i,f,l,o,r,a, ,f,o,e,t,i,d,a
P,a,s,s,i,f,l,o,r,a, ,v,e,s,p,e,r,t,i,l,i,o
P,i,r,i,q,u,e,t,a, ,c,i,s,t,o,i,d,e,s
P,i,r,i,q,u,e,t,a, ,d,u,a,r,t,e,a,n,a
P,i,r,i,q,u,e,t,a, ,r,a,c,e,m,o,s,a
T,u,r,n,e,r,a, ,s,c,a,b,r,a
S,e,s,a,m,u,m, ,i,n,d,i,c,u,m
P,h,y,l,l,a,n,t,h,u,s, ,f,l,u,i,t,a,n,s
P,h,y,l,l,a,n,t,h,u,s, ,h,y,s,s,o,p,i,f,o,l,i,o,l,o,i,d,e,s
P,h,y,l,l,a,n,t,h,u,s, ,n,i,r,u,r,i
P,h,y,l,l,a,n,t,h,u,s, ,s,e,l,l,o,w,i,a,n,u,s
P,h,y,l,l,a,n,t,h,u,s, ,s,t,i,p,u,l,a,t,u,s
P,h,y,t,o,l,a,c,c,a, ,t,h,y,r,s,i,f,l,o,r,a
P,i,p,e,r, ,c,a,l,d,e,n,s,e
P,i,p,e,r, ,f,u,l,i,g,i,n,e,u,m
A,c,h,e,t,a,r,i,a, ,o,c,y,m,o,i,d,e,s
A,n,g,e,l,o,n,i,a, ,g,a,r,d,n,e,r,i
B,a,c,o,p,a, ,a,q,u,a,t,i,c,a
B,a,c,o,p,a, ,a,r,e,n,a,r,i,a
B,a,c,o,p,a, ,e,g,e,n,s,i,s
B,a,c,o,p,a, ,l,a,n,i,g,e,r,a
B,a,c,o,p,a, ,m,o,n,n,i,e,r,i
B,a,c,o,p,a, ,r,o,t,u,n,d,i,f,o,l,i,a
B,a,c,o,p,a, ,s,a,l,z,m,a,n,n,i,i
B,a,c,o,p,a, ,s,e,r,p,y,l,l,o,i,d,e,s
B,a,c,o,p,a, ,s,t,r,i,c,t,a
B,c,o,p,a, ,r,e,f,l,e,x,a
C,a,l,l,i,t,r,i,c,h,e, ,d,e,f,l,e,x,a
C,a,l,l,i,t,r,i,c,h,e, ,r,i,m,o,s,a
C,o,n,o,b,e,a, ,a,q,u,a,t,i,c,a
G,r,a,t,i,o,l,a, ,p,e,r,u,v,i,a,n,a
M,e,c,a,r,d,o,n,i,a, ,p,r,o,c,u,m,b,e,n,s
M,e,c,a,r,d,o,n,i,a, ,s,e,r,p,y,l,l,o,i,d,e,s
M,i,c,r,a,n,t,h,e,m,u,m, ,u,m,b,r,o,s,u,m
P,l,a,n,t,a,g,o, ,a,u,s,t,r,a,l,i,s
S,c,o,p,a,r,i,a, ,d,u,l,c,i,s
S,c,o,p,a,r,i,a, ,m,o,n,t,e,v,i,d,e,n,s,i,s
S,t,e,m,o,d,i,a, ,d,u,r,a,n,t,i,f,o,l,i,a
S,t,e,m,o,d,i,a, ,m,a,r,i,t,i,m,a
S,t,e,m,o,d,i,a, ,p,r,a,t,e,n,s,i,s
L,i,m,o,n,i,u,m, ,b,r,a,s,i,l,i,e,n,s,e
A,c,r,o,c,e,r,a,s, ,z,i,z,a,n,i,o,i,d,e,s
A,g,r,o,s,t,i,s, ,p,a,l,u,s,t,r,i,s
A,n,d,r,o,p,o,g,o,n, ,b,i,c,o,r,n,i,s
A,n,d,r,o,p,o,g,o,n, ,l,e,u,c,o,s,t,a,c,h,y,u,s
A,n,d,r,o,p,o,g,o,n, ,s,e,l,l,o,a,n,u,s
A,n,d,r,o,p,o,g,o,n, ,v,i,r,g,a,t,u,s
A,n,t,h,e,p,h,o,r,a, ,h,e,r,m,a,p,h,r,o,d,i,t,a
A,x,o,n,o,p,u,s, ,b,r,a,s,i,l,i,e,n,s,i,s
A,x,o,n,o,p,u,s, ,l,e,p,t,o,s,t,a,c,h,y,u,s
A,x,o,n,o,p,u,s, ,p,u,r,p,u,s,i,i
B,a,m,b,u,s,a, ,t,r,i,n,i,i
B,r,a,c,h,i,a,r,i,a, ,b,r,i,z,a,n,t,h,a
B,r,a,c,h,i,a,r,i,a, ,d,e,c,u,m,b,e,n,s
B,r,a,c,h,i,a,r,i,a, ,m,u,t,i,c,a
B,r,a,c,h,i,a,r,i,a, ,p,l,a,n,t,a,g,i,n,e,a
C,e,n,c,h,r,u,s, ,e,c,h,i,n,a,t,u,s
C,e,n,c,h,r,u,s, ,p,u,r,p,u,r,e,u,s
C,h,l,o,r,i,s, ,b,a,r,b,a,t,a
C,h,l,o,r,i,s, ,e,x,i,l,i,s
C,o,i,x, ,l,a,c,r,y,m,a,-,j,o,b,i
C,y,n,o,d,o,n, ,d,a,c,t,y,l,o,n
D,a,c,t,y,l,o,c,t,e,n,i,u,m, ,a,e,g,y,p,t,i,u,m
D,i,g,i,t,a,r,i,a, ,c,i,l,i,a,r,i,s
D,i,g,i,t,a,r,i,a, ,h,o,r,i,z,o,n,t,a,l,i,s
D,i,g,i,t,a,r,i,a, ,v,i,o,l,a,s,c,e,n,s
D,i,n,e,b,r,a, ,s,c,a,b,r,a
E,c,h,i,n,o,c,h,l,o,a, ,c,r,u,s,g,a,l,l,i
E,c,h,i,n,o,c,h,l,o,a, ,c,r,u,s,-,p,a,v,o,n,i,s
E,c,h,i,n,o,c,h,l,o,a, ,p,o,l,y,s,t,a,c,h,y,a
E,c,h,i,n,o,c,h,l,o,a, ,c,o,l,o,n,a
E,l,e,u,s,i,n,e, ,i,n,d,i,c,a
E,r,a,g,r,o,s,t,i,s, ,a,c,u,t,i,f,l,o,r,a
E,r,a,g,r,o,s,t,i,s, ,b,a,h,i,e,n,s,i,s
E,r,a,g,r,o,s,t,i,s, ,c,i,l,i,a,r,i,s
E,r,a,g,r,o,s,t,i,s, ,h,y,p,n,o,i,d,e,s
E,r,a,g,r,o,s,t,i,s, ,j,a,p,o,n,i,c,a
E,r,a,g,r,o,s,t,i,s, ,p,i,l,o,s,a
E,r,a,g,r,o,s,t,i,s, ,t,e,n,e,l,l,a
E,r,i,o,c,h,l,o,a, ,d,i,s,t,a,c,h,y,a
E,r,i,o,c,h,l,o,a, ,p,u,n,c,t,a,t,a
E,r,i,o,c,h,r,y,s,i,s, ,c,a,y,e,n,n,e,n,s,i,s
G,y,n,e,r,i,u,m, ,s,a,g,i,t,t,a,t,u,m
H,e,l,e,o,c,h,l,o,a, ,s,c,h,o,e,n,o,i,d,e,s
H,o,m,o,l,e,p,i,s, ,a,t,u,r,e,n,s,i,s
H,o,m,o,l,e,p,i,s, ,i,s,o,c,a,l,y,c,i,a
H,y,m,e,n,a,c,h,n,e, ,d,o,n,a,c,i,f,o,l,i,a
H,y,m,e,n,a,c,h,n,e, ,a,m,p,l,e,x,i,c,a,u,l,i,s
H,y,p,o,g,i,n,u,m, ,v,i,r,g,a,t,u,m
I,m,p,e,r,a,t,a, ,b,r,a,s,i,l,i,e,n,s,i,s
I,m,p,e,r,a,t,a, ,t,e,n,u,i,s
I,s,a,c,h,n,e, ,p,o,l,y,g,o,n,o,i,d,e,s
I,s,c,h,a,e,m,u,m, ,g,u,i,a,n,e,n,s,e
I,s,c,h,a,e,m,u,m, ,m,i,n,u,s
L,a,s,i,a,c,i,s, ,p,r,o,c,e,r,r,i,m,a
L,e,e,r,s,i,a, ,h,e,x,a,n,d,r,a
L,e,p,t,o,c,h,l,o,a, ,f,a,s,c,i,c,u,l,a,r,i,s
L,e,p,t,o,c,h,l,o,a, ,v,i,r,g,a,t,a
L,e,p,t,o,c,o,r,y,p,h,i,u,m, ,l,a,n,a,t,u,m
L,u,z,i,o,l,a, ,b,a,h,i,e,n,s,i,s
L,u,z,i,o,l,a, ,b,r,a,s,i,l,i,a,n,a
L,u,z,i,o,l,a, ,f,r,a,g,i,l,i,s
L,u,z,i,o,l,a, ,p,e,r,u,v,i,a,n,a
L,u,z,i,o,l,a, ,s,p,r,u,c,e,a,n,a
L,u,z,i,o,l,a, ,s,u,b,i,n,t,e,g,r,a
M,e,g,a,t,h,y,r,s,u,s, ,m,a,x,i,m,u,s
M,e,s,o,s,e,t,u,m, ,l,o,l,i,i,f,o,r,m,e
O,l,y,r,a, ,e,c,a,u,d,a,t,a
O,l,y,r,a, ,l,o,n,g,i,f,o,l,i,a
O,r,y,z,a, ,g,l,u,m,a,e,p,a,t,u,l,a
O,r,y,z,a, ,g,r,a,n,d,i,g,l,u,m,i,s
O,r,y,z,a, ,l,a,t,i,f,o,l,i,a
O,r,y,z,a, ,s,a,t,i,v,a
O,t,a,c,h,y,r,i,u,m, ,s,u,c,c,i,s,u,m
O,t,a,c,h,y,r,i,u,m, ,v,e,r,s,i,c,o,l,o,r
P,a,n,i,c,u,m, ,a,q,u,a,t,i,c,u,m
P,a,n,i,c,u,m, ,b,o,l,i,v,i,e,n,s,e
P,a,n,i,c,u,m, ,d,i,c,h,o,t,o,m,i,f,l,o,r,u,m
P,a,n,i,c,u,m, ,e,l,e,p,h,a,n,t,i,p,e,s
P,a,n,i,c,u,m, ,g,r,a,n,d,e
P,a,n,i,c,u,m, ,g,r,u,m,o,s,u,m
P,a,n,i,c,u,m, ,h,e,l,o,b,i,u,m
P,a,n,i,c,u,m, ,l,a,x,u,m
P,a,n,i,c,u,m, ,m,a,x,i,m,u,m
P,a,n,i,c,u,m, ,m,e,r,t,e,n,s,i,i
P,a,n,i,c,u,m, ,m,i,l,l,e,f,l,o,r,u,m
P,a,n,i,c,u,m, ,p,a,r,v,i,f,o,l,i,u,m
P,a,n,i,c,u,m, ,p,e,r,n,a,m,b,u,n,c,e,n,s,e
P,a,n,i,c,u,m, ,p,r,i,o,n,i,t,i,s
P,a,n,i,c,u,m, ,r,e,p,e,n,s
P,a,n,i,c,u,m, ,r,i,v,u,l,a,r,e
P,a,n,i,c,u,m, ,s,a,b,u,l,o,r,u,m
P,a,n,i,c,u,m, ,s,c,h,w,a,c,k,e,a,n,u,m
P,a,r,a,t,h,e,r,i,a, ,p,r,o,s,t,r,a,t,a
P,a,r,i,a,n,a, ,c,a,m,p,e,s,t,r,i,s
P,a,s,p,a,l,i,d,i,u,m, ,p,a,l,u,d,i,v,a,g,u,m
P,a,s,p,a,l,i,d,i,u,m, ,g,e,m,i,n,a,t,u,m
P,a,s,p,a,l,u,m, ,a,c,u,m,i,n,a,t,u,m
P,a,s,p,a,l,u,m, ,b,o,s,c,i,a,n,u,m
P,a,s,p,a,l,u,m, ,c,o,n,j,u,g,a,t,u,m
P,a,s,p,a,l,u,m, ,c,o,n,s,p,e,r,s,u,m
P,a,s,p,a,l,u,m, ,c,o,r,y,p,h,a,e,u,m
P,a,s,p,a,l,u,m, ,d,e,n,s,u,m
P,a,s,p,a,l,u,m, ,d,e,n,t,i,c,u,l,a,t,u,m
P,a,s,p,a,l,u,m, ,d,i,s,t,i,c,h,u,m
P,a,s,p,a,l,u,m, ,f,a,s,c,i,c,u,l,a,t,u,m
P,a,s,p,a,l,u,m, ,g,l,a,u,c,e,s,c,e,n,s
P,a,s,p,a,l,u,m, ,h,y,d,r,o,p,h,y,l,l,u,m
P,a,s,p,a,l,u,m, ,l,i,g,u,l,a,r,e
P,a,s,p,a,l,u,m, ,m,e,l,a,n,o,s,p,e,r,m,u,m
P,a,s,p,a,l,u,m, ,m,i,l,l,e,g,r,a,n,a
P,a,s,p,a,l,u,m, ,m,o,r,i,c,h,a,l,e,n,s,e
P,a,s,p,a,l,u,m, ,o,r,b,i,c,u,l,a,t,u,m
P,a,s,p,a,l,u,m, ,p,u,l,c,h,e,l,l,u,m
P,a,s,p,a,l,u,m, ,p,u,m,i,l,u,m
P,a,s,p,a,l,u,m, ,r,e,p,e,n,s
P,a,s,p,a,l,u,m, ,t,r,i,c,h,o,p,h,y,l,l,u,m
P,a,s,p,a,l,u,m, ,v,a,g,i,n,a,t,u,m
P,a,s,p,a,l,u,m, ,v,i,r,g,a,t,u,m
P,a,s,p,a,l,u,m, ,w,r,i,g,h,t,i,i
P,e,n,n,i,s,e,t,u,m, ,p,u,r,p,u,r,e,u,m
P,o,i,d,i,u,m, ,c,a,l,o,t,h,e,c,a
P,o,l,y,p,o,g,o,n, ,e,l,o,n,g,a,t,u,s
R,a,d,d,i,e,l,l,a, ,e,s,e,n,b,e,c,k,i,i
R,h,y,t,a,c,h,n,e, ,r,o,t,t,b,o,e,l,l,i,o,i,d,e,s
R,e,i,m,a,r,o,c,h,l,o,a, ,a,b,e,r,r,a,n,s
R,e,i,m,a,r,o,c,h,l,o,a, ,a,c,u,t,a
R,e,i,m,a,r,o,c,h,l,o,a, ,b,r,a,s,i,l,i,e,n,s,i,s
R,u,g,o,l,o,a, ,h,y,l,a,e,i,c,a
R,u,g,o,l,o,a, ,p,i,l,o,s,a
R,u,g,o,l,o,a, ,p,o,l,y,g,o,n,a,t,a
S,a,c,c,i,o,l,e,p,i,s, ,s,t,r,i,a,t,a
S,a,c,c,i,o,l,e,p,i,s, ,v,i,l,v,o,i,d,e,s
S,a,c,c,i,o,l,e,p,i,s, ,m,y,u,r,o,s
S,p,a,r,t,i,n,a, ,a,l,t,e,r,n,i,f,l,o,r,a
S,p,a,r,t,i,n,a, ,d,e,n,s,i,f,l,o,r,a
S,e,t,a,r,i,a, ,p,a,u,c,i,f,l,o,r,a
S,e,t,a,r,i,a, ,p,a,r,v,i,f,l,o,r,a
S,o,r,g,h,a,s,t,r,u,m, ,s,e,t,o,s,u,m
S,o,r,g,h,u,m, ,b,i,c,o,l,o,r
S,p,o,r,o,b,o,l,u,s, ,v,i,r,g,i,n,i,c,u,s
S,p,o,r,o,b,o,l,u,s, ,i,n,d,i,c,u,s
S,t,e,i,n,c,h,i,s,m,a, ,l,a,x,a
S,t,e,i,n,c,h,i,s,m,a, ,l,a,x,u,m
S,t,e,i,n,c,h,i,s,m,a, ,d,e,c,i,p,i,e,n,s
S,t,e,p,h,o,s,t,a,c,h,y,s, ,m,e,r,t,e,n,s,i,i
T,r,i,c,h,a,n,t,h,e,c,i,u,m, ,c,y,a,n,e,n,s,c,e,n,s
T,r,i,c,h,a,n,t,h,e,c,i,u,m, ,m,i,c,r,a,n,t,h,u,m
T,r,i,c,h,a,n,t,h,e,c,i,u,m, ,n,e,r,v,o,s,u,m
T,r,i,c,h,a,n,t,h,e,c,i,u,m, ,p,a,r,v,i,f,o,l,i,u,m
T,r,i,c,h,a,n,t,h,e,c,i,u,m, ,p,y,r,u,l,a,r,i,u,m
U,r,o,c,h,l,o,a, ,h,u,m,i,d,i,c,o,l,a
U,r,o,c,h,l,o,a, ,p,l,a,n,t,a,g,i,n,e,a
U,r,o,c,h,l,o,a, ,s,u,b,q,u,a,d,r,i,p,a,r,a
Z,i,z,a,n,i,o,p,s,i,s, ,b,o,n,a,r,i,e,n,s,i,s
